year,"Year Average Lifespan, in Months",Number of Markets
2016,23,12
2017,28.6,10
2018,17.26666667,15
2019,9.411764706,17
2020,2.625,16